{"stats":{"minecraft:custom":{"minecraft:time_since_rest":129704,"minecraft:sprint_one_cm":1542,"minecraft:walk_one_cm":174667,"minecraft:tune_noteblock":201,"minecraft:fly_one_cm":281292,"minecraft:crouch_one_cm":6412,"minecraft:play_time":129704,"minecraft:sneak_time":5006,"minecraft:pot_flower":1,"minecraft:jump":230,"minecraft:leave_game":1,"minecraft:time_since_death":129704,"minecraft:total_world_time":175445,"minecraft:climb_one_cm":2352},"minecraft:picked_up":{"minecraft:ladder":6,"minecraft:birch_button":2,"minecraft:redstone":11,"minecraft:cherry_button":1},"minecraft:used":{"minecraft:short_grass":1,"minecraft:redstone_torch":14,"minecraft:moss_block":33,"minecraft:sticky_piston":5,"minecraft:oak_trapdoor":46,"minecraft:netherite_block":4,"minecraft:dark_oak_planks":4,"minecraft:stone_brick_slab":1,"minecraft:piston":9,"minecraft:flower_pot":1,"minecraft:honey_block":4,"minecraft:flowering_azalea":1,"minecraft:cornflower":1,"minecraft:iron_bars":6,"minecraft:oxeye_daisy":3,"minecraft:bricks":19,"minecraft:cobblestone_stairs":1,"minecraft:dirt_path":6,"minecraft:green_wool":51,"minecraft:iron_block":4,"minecraft:quartz_block":2,"minecraft:grass_block":4,"minecraft:oak_stairs":4,"minecraft:ladder":14,"minecraft:redstone":112,"minecraft:slime_block":15,"minecraft:jungle_fence":3,"minecraft:oak_planks":76,"minecraft:oak_sign":1,"minecraft:birch_hanging_sign":6,"minecraft:blue_wool":44,"minecraft:decorated_pot":1,"minecraft:spruce_planks":89,"minecraft:polished_granite":22,"minecraft:spruce_trapdoor":7,"minecraft:cherry_button":3,"minecraft:quartz_stairs":2,"minecraft:barrel":2,"minecraft:flowering_azalea_leaves":1,"minecraft:stone_brick_stairs":86,"minecraft:stone_bricks":217,"minecraft:deepslate_bricks":364,"minecraft:smooth_quartz_stairs":4,"minecraft:birch_button":11,"minecraft:birch_trapdoor":2,"minecraft:repeater":22,"minecraft:tall_grass":1,"minecraft:iron_trapdoor":3,"minecraft:deepslate_tile_stairs":1,"minecraft:spruce_stairs":14,"minecraft:birch_sign":2,"minecraft:andesite_stairs":1,"minecraft:polished_diorite_stairs":4,"minecraft:deepslate_brick_slab":6,"minecraft:note_block":12,"minecraft:ochre_froglight":20,"minecraft:warped_button":1,"minecraft:cobbled_deepslate_stairs":1,"minecraft:observer":5,"minecraft:spruce_log":2,"minecraft:mud_brick_stairs":9,"minecraft:deepslate_brick_stairs":34,"minecraft:polished_deepslate_stairs":5,"minecraft:polished_granite_stairs":2,"minecraft:oak_log":4}},"DataVersion":3700}